Generos;;;
viajes,informática,tecnología,periodismo,filosofía,psicología;;;
economía,religión,fotografía,ciencia;;;
fantasía,economía,biografía,juegos,ensayo;;;
humor,informática,romance,leyendas,tecnología;;;
leyendas,fantasía,historia,investigación,negocios;;;
servicios,periodismo,investigación,thriller,juegos;;;
ficción,viajes,marketing,economía,poesía,biografía;;;
negocios,historia,terror,música,ensayo,psicología;;;
economía,servicios,tecnología,negocios,fantasía,leyendas;;;
poesía,drama,viajes;;;
psicología,cine,biografía;;;
;;;
;;;
;;;
;;;
;;;
;;;
;;;
;;;
;;;
